booking_id,member_id,trainer_id,booking_date,training_date,training_time
1,45,101,2026-03-27,2026-03-29,07:30:00
2,12,102,2026-03-27,2026-03-29,08:00:00
3,88,103,2026-03-28,2026-03-29,09:15:00
4,5,104,2026-03-25,2026-03-29,10:00:00
5,112,119,2026-03-28,2026-03-29,14:00:00
6,33,113,2026-03-26,2026-03-29,16:00:00
7,1,120,2026-03-28,2026-03-29,18:30:00
8,77,118,2026-03-27,2026-03-29,20:00:00
9,19,107,2026-03-28,2026-03-29,18:00:00
10,64,110,2026-03-28,2026-03-29,19:30:00
11,2,101,2026-03-27,2026-03-29,07:30:00
12,15,102,2026-03-28,2026-03-29,08:00:00
13,120,117,2026-03-26,2026-03-29,20:30:00
14,56,108,2026-03-28,2026-03-29,17:30:00
15,91,104,2026-03-27,2026-03-29,11:00:00
16,10,103,2026-03-28,2026-03-29,09:00:00
17,82,102,2026-03-25,2026-03-29,08:00:00
18,4,101,2026-03-28,2026-03-29,07:30:00
19,27,115,2026-03-27,2026-03-29,10:00:00
20,59,103,2026-03-28,2026-03-29,12:00:00
21,111,113,2026-03-26,2026-03-29,16:00:00
22,3,120,2026-03-28,2026-03-29,18:30:00
23,98,118,2026-03-27,2026-03-29,20:00:00
24,22,107,2026-03-28,2026-03-29,18:00:00
25,6,110,2026-03-28,2026-03-29,19:30:00
26,105,102,2026-03-27,2026-03-29,08:00:00
27,14,101,2026-03-28,2026-03-29,07:30:00
28,67,103,2026-03-28,2026-03-29,09:00:00
29,42,105,2026-03-28,2026-03-29,10:00:00
30,89,104,2026-03-27,2026-03-29,11:00:00
31,31,106,2026-03-28,2026-03-29,12:00:00
32,55,108,2026-03-28,2026-03-29,17:30:00
33,7,102,2026-03-28,2026-03-29,08:00:00
34,99,107,2026-03-27,2026-03-29,19:00:00
35,11,113,2026-03-28,2026-03-29,16:00:00
36,1,102,2026-03-29,2026-03-30,08:00:00
37,2,101,2026-03-29,2026-03-30,07:30:00
38,3,103,2026-03-29,2026-03-30,09:00:00
39,4,105,2026-03-29,2026-03-30,10:00:00
40,5,104,2026-03-29,2026-03-30,11:00:00
41,6,106,2026-03-29,2026-03-30,12:00:00
42,7,107,2026-03-29,2026-03-30,18:00:00
43,8,108,2026-03-29,2026-03-30,17:30:00
44,9,110,2026-03-29,2026-03-30,16:00:00
45,10,113,2026-03-29,2026-03-30,16:00:00
46,11,118,2026-03-29,2026-03-30,20:00:00
47,12,119,2026-03-29,2026-03-30,14:00:00
48,13,115,2026-03-29,2026-03-30,10:00:00
49,14,120,2026-03-29,2026-03-30,18:30:00
50,15,117,2026-03-29,2026-03-30,20:30:00
51,16,102,2026-03-29,2026-03-30,08:00:00
52,17,101,2026-03-29,2026-03-30,07:30:00
53,18,103,2026-03-29,2026-03-30,09:00:00
54,19,105,2026-03-29,2026-03-30,10:00:00
55,20,104,2026-03-29,2026-03-30,11:00:00
56,21,106,2026-03-29,2026-03-30,12:00:00
57,22,107,2026-03-29,2026-03-30,18:00:00
58,23,108,2026-03-29,2026-03-30,17:30:00
59,24,110,2026-03-29,2026-03-30,16:00:00
60,25,113,2026-03-29,2026-03-30,16:00:00
61,26,118,2026-03-29,2026-03-30,20:00:00
62,27,119,2026-03-29,2026-03-30,14:00:00
63,28,115,2026-03-29,2026-03-30,10:00:00
64,29,120,2026-03-29,2026-03-30,18:30:00
65,30,117,2026-03-29,2026-03-30,20:30:00
66,45,101,2026-03-30,2026-03-31,08:00:00
67,12,102,2026-03-30,2026-03-31,07:45:00
68,88,103,2026-03-30,2026-03-31,09:15:00
69,5,105,2026-03-30,2026-03-31,10:10:00
70,112,119,2026-03-30,2026-03-31,14:20:00
71,1,120,2026-03-30,2026-03-31,18:40:00
72,77,118,2026-03-30,2026-03-31,20:15:00
73,19,107,2026-03-30,2026-03-31,18:12:00
74,64,110,2026-03-30,2026-03-31,19:30:00
75,2,101,2026-03-30,2026-03-31,07:45:00
76,15,102,2026-03-30,2026-03-31,08:10:00
77,120,117,2026-03-30,2026-03-31,20:45:00
78,56,108,2026-03-30,2026-03-31,17:40:00
79,91,104,2026-03-30,2026-03-31,11:20:00
80,10,103,2026-03-30,2026-03-31,09:05:00